Price,MidPrice,FuturePrice_60d
Ticker,,
Date,,
2020-01-02,64.89674834229248,50.26908296569886
2020-01-03,65.55112127853215,50.6265445413053
2020-01-06,64.82764759942818,52.54685711929005
2020-01-07,65.85188519326205,53.066430352264064
2020-01-08,65.89251275351268,50.913343149763875
2020-01-09,66.24613072714722,50.79696305034018
2020-01-10,66.70948097678854,51.35808859475179
2020-01-13,66.89237131207345,52.15199055295541
2020-01-14,67.52235915346759,49.79939434903578
2020-01-15,67.7784170950269,51.26249148510375
2020-01-16,68.46938577868731,51.752961999889784
2020-01-17,68.60350259539044,51.777901627704544
2020-01-20,68.25395289169414,50.59744705360405
2020-01-21,68.02228537593625,51.212617742142285
2020-01-22,68.26208907378137,50.23998151931454
2020-01-23,68.67260319137378,49.36711449253556
2020-01-24,69.03025833162323,48.89326891617814
2020-01-28,68.16859867799192,49.39205598509825
2020-01-29,68.70918760255016,48.810141309192176
2020-01-30,69.20910416442793,48.68544570231556
2020-01-31,69.43264456693771,48.92651607453
2020-02-03,68.56693725243761,50.05294046047166
2020-02-04,68.57099768095131,51.777907871585484
2020-02-05,68.39621828682246,50.02383613594451
2020-02-06,68.34744911232565,49.25904014134318
2020-02-07,68.85956414696041,50.48106673802113
2020-02-10,68.71323915692608,50.23166392175774
2020-02-11,68.90021485164968,49.54168338859097
2020-02-12,70.87552414602557,49.81601249241909
2020-02-13,72.0298241954884,49.936559800195866
2020-02-14,73.31824237632131,49.83680424634478
2020-02-17,73.26133397056603,49.89915336077044
2020-02-18,73.18816970420237,49.17175473774192
2020-02-19,73.08842851011113,49.504272735681575
2020-02-20,73.02192362533938,49.37542383459521
2020-02-21,73.4251045460706,49.774452576567334
2020-02-24,72.9886746872861,49.53337379907056
2020-02-25,71.949552604845,49.6248197016364
2020-02-26,70.94365366740928,48.984716475021024
2020-02-27,70.4739735457486,49.184227632420715
2020-02-28,68.17956458073252,50.173479469083446
2020-03-02,66.72063672692616,52.41801082251115
2020-03-03,66.75804382177068,54.7581364999979
2020-03-04,64.54260384394826,53.66912092850475
2020-03-05,64.38466074744355,52.76715825937137
2020-03-06,62.04037282942633,53.2160617991356
2020-03-09,58.253775005406965,54.33416585671275
2020-03-10,58.56551588403,56.34592970286849
2020-03-11,58.84399987504619,56.90289805013272
2020-03-12,54.454708400811,59.52151182862025
2020-03-13,52.7172776990198,59.430066906272664
2020-03-16,50.36052150507358,57.48898013611431
2020-03-17,52.93756333662858,55.62269229748807
2020-03-18,53.99749125478482,55.49799681479894
2020-03-19,52.846132679400526,57.297777229950555
2020-03-20,51.67399507875622,57.89631566012946
2020-03-23,46.54067380792162,57.42662989703527
2020-03-24,46.97295555820267,57.49728874378738
2020-03-25,51.70724277568498,57.189698358617974
2020-03-26,51.83193318227244,57.646922809061714
2020-03-27,50.26908296569886,57.559635162353516
2020-03-30,50.6265445413053,56.36670924677119
2020-03-31,52.54685711929005,57.33518063792905
2020-04-01,53.066430352264064,56.686769799603596
2020-04-02,50.913343149763875,57.76331504226525
2020-04-03,50.79696305034018,57.912932436475614
2020-04-06,51.35808859475179,58.56551460863686
2020-04-07,52.15199055295541,59.43838323140731
2020-04-08,49.79939434903578,59.36356791203511
2020-04-09,51.26249148510375,59.49658062779617
2020-04-14,51.752961999889784,58.82737498972189
2020-04-15,51.777901627704544,58.78996431196285
2020-04-16,50.59744705360405,58.70683725990756
2020-04-17,51.212617742142285,59.82079515409118
2020-04-20,50.23998151931454,59.74181783037287
2020-04-21,49.36711449253556,60.157475007140945
2020-04-22,48.89326891617814,60.564801176951306
2020-04-23,49.39205598509825,60.427635206219364
2020-04-24,48.810141309192176,59.93716637356772
2020-04-27,48.68544570231556,61.18829057691906
2020-04-28,48.92651607453,61.69538113962702
2020-04-29,50.05294046047166,61.30882142819083
2020-04-30,51.777907871585484,60.71029025719885
2020-05-01,50.02383613594451,60.411006949839845
2020-05-04,49.25904014134318,60.2821626639774
2020-05-05,50.48106673802113,60.60636635684165
2020-05-06,50.23166392175774,60.90147809806377
2020-05-07,49.54168338859097,59.77090259634133
2020-05-08,49.81601249241909,58.332754618864925
2020-05-11,49.936559800195866,59.35524805110856
2020-05-12,49.83680424634478,59.02689106786485
2020-05-13,49.89915336077044,59.733508227609164
2020-05-14,49.17175473774192,59.326150416912455
2020-05-15,49.504272735681575,60.71860448913266
2020-05-18,49.37542383459521,61.80760447984256
2020-05-19,49.774452576567334,62.47680231801771
2020-05-20,49.53337379907056,61.27557288606309
2020-05-21,49.6248197016364,59.93300869855392
2020-05-22,48.984716475021024,58.9645436329361
2020-05-25,49.184227632420715,58.723466768131296
2020-05-26,50.173479469083446,59.243801662351345
2020-05-27,52.41801082251115,59.05832548631915
2020-05-28,54.7581364999979,59.06676493459699
2020-05-29,53.66912092850475,58.392345021745925
2020-06-01,52.76715825937137,59.20165067120631
2020-06-02,53.2160617991356,58.788556478040654
2020-06-03,54.33416585671275,58.47242614175384
2020-06-04,56.34592970286849,58.34176166432218
2020-06-05,56.90289805013272,57.802228856905515
2020-06-09,59.52151182862025,56.60933779634091
2020-06-10,59.430066906272664,56.72314277084773
2020-06-11,57.48898013611431,57.50715935694131
2020-06-12,55.62269229748807,56.423867318537276
2020-06-15,55.49799681479894,56.373293369078056
2020-06-16,57.297777229950555,57.477654139847246
2020-06-17,57.89631566012946,56.22575846995472
2020-06-18,57.42662989703527,56.73578840909707
2020-06-19,57.49728874378738,55.555557786892614
2020-06-22,57.189698358617974,55.79160469004582
2020-06-23,57.646922809061714,55.230982155714145
2020-06-24,57.559635162353516,55.34479305515075
2020-06-25,56.36670924677119,54.9527867620531
2020-06-26,57.33518063792905,54.5776436963223
2020-06-29,56.686769799603596,53.8695001444728
2020-06-30,57.76331504226525,53.14027487704655
2020-07-01,57.912932436475614,53.85263670678471
2020-07-02,58.56551460863686,53.81891695770233
2020-07-03,59.43838323140731,55.47968192589967
2020-07-06,59.36356791203511,55.635641459581905
2020-07-07,59.49658062779617,55.18040476638194
2020-07-08,58.82737498972189,53.81469528539142
2020-07-09,58.78996431196285,53.93272484666169
2020-07-10,58.70683725990756,53.802048250685964
2020-07-13,59.82079515409118,55.09188646684973
2020-07-14,59.74181783037287,55.8253195381361
2020-07-15,60.157475007140945,56.373289100661
2020-07-16,60.564801176951306,57.47765566067753
2020-07-17,60.427635206219364,57.414421156737745
2020-07-20,59.93716637356772,57.452368202853606
2020-07-21,61.18829057691906,58.56936939028554
2020-07-22,61.69538113962702,57.991901309372594
2020-07-23,61.30882142819083,58.12678213381416
2020-07-24,60.71029025719885,58.270102937110146
2020-07-27,60.411006949839845,58.95294958647678
2020-07-28,60.2821626639774,58.653682810920614
2020-07-29,60.60636635684165,58.5398761806202
2020-07-30,60.90147809806377,58.312262984359606
2020-07-31,59.77090259634133,58.80964609758088
2020-08-03,58.332754618864925,58.86864904122045
2020-08-04,59.35524805110856,58.105712566493
2020-08-05,59.02689106786485,57.524013893333
2020-08-06,59.733508227609164,57.44815143532449
2020-08-07,59.326150416912455,57.81907967635145
2020-08-10,60.71860448913266,58.400770583148386
2020-08-11,61.80760447984256,58.54408632433659
2020-08-12,62.47680231801771,58.131003329584594
2020-08-13,61.27557288606309,58.19423475239087
2020-08-14,59.93300869855392,58.92344798233135
2020-08-17,58.9645436329361,59.087843792125646
2020-08-18,58.723466768131296,60.86663009371654
2020-08-19,59.243801662351345,62.110100854427586
2020-08-20,59.05832548631915,62.1606777851498
2020-08-21,59.06676493459699,61.51575964689189
2020-08-24,58.392345021745925,62.59062392127097
2020-08-25,59.20165067120631,63.243969627273195
2020-08-26,58.788556478040654,64.49586502699029
2020-08-27,58.47242614175384,66.12290566724914
2020-08-28,58.34176166432218,66.92799784704403
2020-08-31,57.802228856905515,67.18511493269014
2020-09-01,56.60933779634091,67.93541662307936
2020-09-02,56.72314277084773,69.45287623100187
2020-09-03,57.50715935694131,68.70256591673363
2020-09-04,56.423867318537276,68.16304147102517
2020-09-07,56.373293369078056,67.32422663370393
2020-09-08,57.477654139847246,67.13032339614631
2020-09-09,56.22575846995472,67.62349230021971
2020-09-10,56.73578840909707,67.2567715067797
2020-09-11,55.555557786892614,67.43381995739212
2020-09-14,55.79160469004582,67.96492334563115
2020-09-15,55.230982155714145,68.36535919060316
2020-09-16,55.34479305515075,69.62569826180066
2020-09-17,54.9527867620531,70.24110236061428
2020-09-18,54.5776436963223,69.67204241573211
2020-09-21,53.8695001444728,70.1483609711342
2020-09-22,53.14027487704655,70.54879809854401
2020-09-23,53.85263670678471,70.3844137296882
2020-09-24,53.81891695770233,71.36654968180096
2020-09-25,55.47968192589967,70.62890061274751
2020-09-28,55.635641459581905,70.02192684631733
2020-09-29,55.18040476638194,69.6214688655636
2020-09-30,53.81469528539142,69.95869478238082
2020-10-01,53.93272484666169,70.44343499995483
2020-10-02,53.802048250685964,70.73427448916607
2020-10-05,55.09188646684973,70.45185412195892
2020-10-06,55.8253195381361,69.76479233672302
2020-10-07,56.373289100661,69.96290720222073
2020-10-08,57.47765566067753,70.06828777220242
2020-10-09,57.414421156737745,69.79850636986569
2020-10-12,57.452368202853606,71.21901709458814
2020-10-13,58.56936939028554,71.91872309428246
2020-10-14,57.991901309372594,71.89343694438043
2020-10-15,58.12678213381416,72.23484839218533
2020-10-16,58.270102937110146,72.23486528936348
2020-10-19,58.95294958647678,72.42876042344545
2020-10-20,58.653682810920614,72.28122805968027
2020-10-21,58.5398761806202,71.56043970990265
2020-10-22,58.312262984359606,71.70375526756351
2020-10-23,58.80964609758088,71.43820122880379
2020-10-26,58.86864904122045,71.80492270161437
2020-10-27,58.105712566493,71.6953187604945
2020-10-28,57.524013893333,71.81757680602206
2020-10-29,57.44815143532449,72.77861523917662
2020-10-30,57.81907967635145,71.8470701314594
2020-11-02,58.400770583148386,71.44662863633005
2020-11-03,58.54408632433659,70.67948284703925
2020-11-04,58.131003329584594,72.58894437908862
2020-11-05,58.19423475239087,73.68066137400439
2020-11-06,58.92344798233135,73.73545629300456
2020-11-09,59.087843792125646,74.54053835481528
2020-11-10,60.86663009371654,74.78502487899488
2020-11-11,62.110100854427586,74.10217051049088
2020-11-12,62.1606777851498,73.39401525296665
2020-11-13,61.51575964689189,72.91771638546864
2020-11-16,62.59062392127097,73.28863660186684
2020-11-17,63.243969627273195,73.21278345997105
2020-11-18,64.49586502699029,73.37955498160159
2020-11-19,66.12290566724914,72.78333672190752
2020-11-20,66.92799784704403,71.93402375194239
2020-11-23,67.18511493269014,71.03752248446385
2020-11-24,67.93541662307936,70.52279542898421
2020-11-25,69.45287623100187,70.87452342022497
2020-11-26,68.70256591673363,71.22625709623816
2020-11-27,68.16304147102517,71.72813344729926
2020-11-30,67.32422663370393,70.43271292953321
2020-12-01,67.13032339614631,71.20910663264691
2020-12-02,67.62349230021971,72.53453727858196
2020-12-03,67.2567715067797,72.77046116261918
2020-12-04,67.43381995739212,73.81709239242326
2020-12-07,67.96492334563115,74.14308262396705
2020-12-08,68.36535919060316,75.12965899752531
2020-12-09,69.62569826180066,75.64010268597617
2020-12-10,70.24110236061428,74.9409145412132
2020-12-11,69.67204241573211,74.752183245867
2020-12-14,70.1483609711342,74.23316126763729
2020-12-15,70.54879809854401,74.16881960943263
2020-12-16,70.3844137296882,74.53770770702977
2020-12-17,71.36654968180096,74.65353323414021
2020-12-18,70.62890061274751,74.06586741520914
2020-12-21,70.02192684631733,73.0106653577563
2020-12-22,69.6214688655636,72.82622622435386
2020-12-23,69.95869478238082,72.48735663327969
2020-12-24,70.44343499995483,73.52970225102425
2020-12-29,70.73427448916607,74.09161501366651
2020-12-30,70.45185412195892,74.13021501536085
2020-12-31,69.76479233672302,73.66695782618847
2021-01-04,69.96290720222073,73.37527469524406
2021-01-05,70.06828777220242,73.82566962067827
2021-01-06,69.79850636986569,73.84710690106269
2021-01-07,71.21901709458814,74.19885810539293
2021-01-08,71.91872309428246,74.0315498034717
2021-01-11,71.89343694438043,74.6449505001894
2021-01-12,72.23484839218533,74.77791265002365
2021-01-13,72.23486528936348,74.56344445186238
2021-01-14,72.42876042344545,74.56773930938328
2021-01-15,72.28122805968027,75.08676436863783
2021-01-18,71.56043970990265,75.45566430449315
2021-01-19,71.70375526756351,75.35272306066419
2021-01-20,71.43820122880379,76.06475192472567
2021-01-21,71.80492270161437,75.67870912149391
2021-01-22,71.6953187604945,75.15969023560427
2021-01-25,71.81757680602206,76.2277535718101
2021-01-27,72.77861523917662,76.49369802383458
2021-01-28,71.8470701314594,76.69531001548926
2021-01-29,71.44662863633005,76.49370138417441
2021-02-01,70.67948284703925,77.0899301895775
2021-02-02,72.58894437908862,77.4674033676992
2021-02-03,73.68066137400439,76.7039004389961
2021-02-04,73.73545629300456,76.85401941954672
2021-02-05,74.54053835481528,77.37731757152585
2021-02-08,74.78502487899488,79.45342481718669
2021-02-09,74.10217051049088,79.75797440295993
2021-02-10,73.39401525296665,80.17834679914262
2021-02-11,72.91771638546864,81.0919778201222
2021-02-12,73.28863660186684,81.31932374483233
2021-02-15,73.21278345997105,81.31504421570074
2021-02-16,73.37955498160159,82.10428911713174
2021-02-17,72.78333672190752,83.14234208050962
2021-02-18,71.93402375194239,83.54983310503098
2021-02-19,71.03752248446385,84.12034723106996
2021-02-22,70.52279542898421,82.36166506680654
2021-02-23,70.87452342022497,83.42544120902
2021-02-24,71.22625709623816,84.09031181517048
2021-02-25,71.72813344729926,84.39914460410156
2021-02-26,70.43271292953321,85.14551625073332
2021-03-01,71.20910663264691,85.28707447941031
2021-03-02,72.53453727858196,85.196994099762
2021-03-03,72.77046116261918,85.63879896911072
2021-03-04,73.81709239242326,85.97766595981756
2021-03-05,74.14308262396705,85.28706488760068
2021-03-08,75.12965899752531,85.93049945413642
2021-03-09,75.64010268597617,86.52243026335931
2021-03-10,74.9409145412132,87.61622176978537
2021-03-11,74.752183245867,87.58192617016246
2021-03-12,74.23316126763729,87.2173164347688
2021-03-15,74.16881960943263,86.84413553610631
2021-03-16,74.53770770702977,87.01142004738223
2021-03-17,74.65353323414021,86.80123762675146
2021-03-18,74.06586741520914,87.91220879977637
2021-03-19,73.0106653577563,89.57652129893579
2021-03-22,72.82622622435386,90.68318569648662
2021-03-23,72.48735663327969,89.66659817875144
2021-03-24,73.52970225102425,85.69456521475509
2021-03-25,74.09161501366651,86.04630382332908
2021-03-26,74.13021501536085,85.39001075713496
2021-03-29,73.66695782618847,84.78092070109372
2021-03-30,73.37527469524406,85.45864883655592
2021-03-31,73.82566962067827,85.4972546851373
2021-04-01,73.84710690106269,85.61305880109518
2021-04-06,74.19885810539293,86.11064571703892
2021-04-07,74.0315498034717,85.16695489001688
2021-04-08,74.6449505001894,85.20557790927464
2021-04-09,74.77791265002365,85.02112974654392
2021-04-12,74.56344445186238,84.98251160163107
2021-04-13,74.56773930938328,85.02113079568983
2021-04-14,75.08676436863783,85.29565590669657
2021-04-15,75.45566430449315,84.60504646191532
2021-04-16,75.35272306066419,85.15409157759188
2021-04-19,76.06475192472567,85.09833127047531
2021-04-20,75.67870912149391,84.5793041560232
2021-04-21,75.15969023560427,84.63077856597732
2021-04-22,76.2277535718101,84.28762391258402
2021-04-23,76.49369802383458,83.61419103705268
2021-04-26,76.69531001548926,83.21956372177215
2021-04-27,76.49370138417441,84.36055949020748
2021-04-28,77.0899301895775,85.29993417985185
2021-04-29,77.4674033676992,84.9825144170012
2021-04-30,76.7039004389961,85.08545618700848
2021-05-03,76.85401941954672,85.83182631844906
2021-05-04,77.37731757152585,85.50154330911415
2021-05-05,79.45342481718669,85.25704090305695
2021-05-06,79.75797440295993,85.49296834173796
2021-05-07,80.17834679914262,86.45379410336272
2021-05-10,81.0919778201222,86.84842871326609
2021-05-11,81.31932374483233,87.38889533150518
2021-05-12,81.31504421570074,88.32400658340094
2021-05-13,82.10428911713174,88.89878342410168
2021-05-14,83.14234208050962,89.94969108063677
2021-05-17,83.54983310503098,91.03063942241522
2021-05-18,84.12034723106996,93.04667075732473
2021-05-19,82.36166506680654,92.11157716935585
2021-05-20,83.42544120902,90.09123723803907
2021-05-21,84.09031181517048,88.40120682538937
2021-05-24,84.39914460410156,87.35550676229542
2021-05-25,85.14551625073332,87.17176495071689
2021-05-26,85.28707447941031,86.76929460176828
2021-05-27,85.196994099762,87.17614871090792
2021-05-28,85.63879896911072,87.52175578495178
2021-05-31,85.97766595981756,87.67924150399386
2021-06-01,85.28706488760068,87.63111380687874
2021-06-02,85.93049945413642,88.20858551066922
2021-06-03,86.52243026335931,88.54108070787935
2021-06-04,87.61622176978537,88.55420667715939
2021-06-07,87.58192617016246,87.54799588476696
2021-06-08,87.2173164347688,87.7667427241775
2021-06-09,86.84413553610631,88.7510618525809
2021-06-10,87.01142004738223,88.89542039875113
2021-06-11,86.80123762675146,89.0135555446065
2021-06-15,87.91220879977637,89.30665807907499
2021-06-16,89.57652129893579,89.46415100004225
2021-06-17,90.68318569648662,88.63294661477912
2021-06-18,89.66659817875144,88.8123106408425
2021-06-21,85.69456521475509,88.40545203565895
2021-06-22,86.04630382332908,88.580444856719
2021-06-23,85.39001075713496,88.60669813070825
2021-06-24,84.78092070109372,89.61288956609708
2021-06-25,85.45864883655592,89.67412609322706
2021-06-28,85.4972546851373,88.63293777783069
2021-06-29,85.61305880109518,87.61361996425296
2021-06-30,86.11064571703892,87.21988618331436
2021-07-01,85.16695489001688,88.02922150475248
2021-07-02,85.20557790927464,88.89542362371319
2021-07-05,85.02112974654392,90.50534699324393
2021-07-06,84.98251160163107,91.43280069644635
2021-07-07,85.02113079568983,90.1684832134006
2021-07-08,85.29565590669657,91.1396892397741
2021-07-09,84.60504646191532,88.40546205694059
2021-07-12,85.15409157759188,90.96033006082223
2021-07-13,85.09833127047531,91.99714588533845
2021-07-14,84.5793041560232,91.00406229580565
2021-07-15,84.63077856597732,90.6803346989086
2021-07-16,84.28762391258402,91.06093759523097
2021-07-19,83.61419103705268,91.30155234961961
2021-07-20,83.21956372177215,91.23155382425068
2021-07-21,84.36055949020748,90.93407584709888
2021-07-22,85.29993417985185,89.82288035049538
2021-07-23,84.9825144170012,89.48601888281746
2021-07-26,85.08545618700848,90.3347318561799
2021-07-27,85.83182631844906,90.92095358016735
2021-07-28,85.50154330911415,91.60341339820914
2021-07-29,85.25704090305695,91.86152945982806
2021-07-30,85.49296834173796,91.60341713187489
2021-08-02,86.45379410336272,92.0715192235376
2021-08-03,86.84842871326609,92.15463818345617
2021-08-04,87.38889533150518,92.36899284488558
2021-08-05,88.32400658340094,93.11708168130201
2021-08-06,88.89878342410168,92.60524159750292
2021-08-09,89.94969108063677,92.73210087567682
2021-08-10,91.03063942241522,92.78023414826532
2021-08-11,93.04667075732473,93.41020279383847
2021-08-12,92.11157716935585,94.38577031430012
2021-08-13,90.09123723803907,95.46196275689377
2021-08-16,88.40120682538937,96.3019242905655
2021-08-17,87.35550676229542,95.65881911939923
2021-08-18,87.17176495071689,95.33073032342902
2021-08-19,86.76929460176828,94.57389658218344
2021-08-20,87.17614871090792,94.24577676308922
2021-08-23,87.52175578495178,94.51264670268918
2021-08-24,87.67924150399386,94.1364028470723
2021-08-25,87.63111380687874,88.4973238113268
2021-08-26,88.20858551066922,85.94682515445794
2021-08-27,88.54108070787935,85.5443424137842
2021-08-30,88.55420667715939,84.70439707538756
2021-08-31,87.54799588476696,84.42002566958345
2021-09-01,87.7667427241775,85.03686239894286
2021-09-02,88.7510618525809,84.27567683838757
2021-09-03,88.89542039875113,83.3875958380392
2021-09-06,89.0135555446065,81.87391964138172
2021-09-07,89.30665807907499,82.13201510060381
2021-09-08,89.46415100004225,81.58079173585605
2021-09-09,88.63294661477912,82.63950241796263
2021-09-10,88.8123106408425,84.4856566037493
2021-09-13,88.40545203565895,84.80938590616243
2021-09-14,88.580444856719,85.58371234048684
2021-09-15,88.60669813070825,85.83746356217333
2021-09-16,89.61288956609708,85.86809009835417
2021-09-17,89.67412609322706,85.61434923076993
2021-09-20,88.63293777783069,85.88996375805013
2021-09-21,87.61361996425296,85.11999467750304
2021-09-22,87.21988618331436,85.0062507441472
2021-09-23,88.02922150475248,84.63877448466525
2021-09-24,88.89542362371319,85.87244949729141
2021-09-27,90.50534699324393,86.55492921547872
2021-09-28,91.43280069644635,87.11488502668134
2021-09-29,90.1684832134006,87.31175282216951
2021-09-30,91.1396892397741,87.54362067838507
2021-10-01,88.40546205694059,88.02484291143686
2021-10-04,90.96033006082223,88.9479301570376
2021-10-05,91.99714588533845,89.36353384129596
2021-10-06,91.00406229580565,88.92605550131458
2021-10-07,90.6803346989086,89.46852068170429
2021-10-08,91.06093759523097,90.33034812050764
2021-10-11,91.30155234961961,88.707323419348
2021-10-12,91.23155382425068,89.52540354126049
2021-10-13,90.93407584709888,90.20348893343149
2021-10-14,89.82288035049538,89.36790377794969
2021-10-15,89.48601888281746,89.127291726707
2021-10-18,90.3347318561799,89.25415725249408
2021-10-19,90.92095358016735,88.63731817053761
2021-10-20,91.60341339820914,88.81230948019837
2021-10-21,91.86152945982806,88.27859168305952
2021-10-22,91.60341713187489,87.37301160629153
2021-10-25,92.0715192235376,86.07369717702346
2021-10-26,92.15463818345617,85.38685427573897
2021-10-27,92.36899284488558,85.06312407106005
2021-10-28,93.11708168130201,84.06566496479968
2021-10-29,92.60524159750292,83.04635954432501
2021-11-01,92.73210087567682,83.30883692475015
2021-11-02,92.78023414826532,82.5738783247464
2021-11-03,93.41020279383847,82.28077012147355
2021-11-04,94.38577031430012,82.78825582767658
2021-11-05,95.46196275689377,81.7820459221057
2021-11-08,96.3019242905655,81.8257874463618
2021-11-09,95.65881911939923,81.98328747238625
2021-11-10,95.33073032342902,81.97014865882728
2021-11-11,94.57389658218344,86.86990878197201
2021-11-12,94.24577676308922,87.83673894296186
2021-11-15,94.51264670268918,86.60741754278732
2021-11-16,94.1364028470723,86.76928481198573
2021-11-17,88.4973238113268,86.86990659141011
2021-11-18,85.94682515445794,87.71724239945411
2021-11-19,85.5443424137842,87.90425896418044
2021-11-22,84.70439707538756,87.16950172170654
2021-11-23,84.42002566958345,86.85333125411779
2021-11-24,85.03686239894286,85.67771646865816
2021-11-25,84.27567683838757,85.82466806690972
2021-11-26,83.3875958380392,84.88951023184521
2021-11-29,81.87391964138172,84.38630787761014
2021-11-30,82.13201510060381,83.60256585754995
2021-12-01,81.58079173585605,84.08796147669413
2021-12-02,82.63950241796263,83.40217646086121
2021-12-03,84.4856566037493,84.50654439763565
2021-12-06,84.80938590616243,84.3417878095397
2021-12-07,85.58371234048684,84.11467456637374
2021-12-08,85.83746356217333,84.69357363393956
2021-12-09,85.86809009835417,85.79349150179681
2021-12-10,85.61434923076993,88.16699391092067
2021-12-13,85.88996375805013,88.21153055942833
2021-12-14,85.11999467750304,90.0996400579712
2021-12-15,85.0062507441472,91.88088953179383
2021-12-16,84.63877448466525,93.10103804544846
2021-12-17,85.87244949729141,94.91790368958226
2021-12-20,86.55492921547872,94.41914809056436
2021-12-21,87.11488502668134,94.40134572855627
2021-12-22,87.31175282216951,94.83775572245602
2021-12-23,87.54362067838507,95.33205018878313
2021-12-24,88.02484291143686,95.1628286496506
2021-12-29,88.9479301570376,94.94462539181876
2021-12-30,89.36353384129596,94.90455720654965
2021-12-31,88.92605550131458,94.77095092114651
2022-01-04,89.46852068170429,95.31868834495103
2022-01-05,90.33034812050764,94.8377522546169
2022-01-06,88.707323419348,93.64876438702714
2022-01-07,89.52540354126049,92.85166505961885
2022-01-10,90.20348893343149,92.81604238275608
2022-01-11,89.36790377794969,93.4038468665533
2022-01-12,89.127291726707,93.63095878434731
2022-01-13,89.25415725249408,93.97384287513584
2022-01-14,88.63731817053761,94.70861204790435
2022-01-17,88.81230948019837,95.07375735636722
2022-01-18,88.27859168305952,94.89564514160156
2022-01-19,87.37301160629153,94.58838086834882
2022-01-20,86.07369717702346,95.21626425566302
2022-01-21,85.38685427573897,95.63040569007427
2022-01-24,85.06312407106005,96.34289845773033
2022-01-25,84.06566496479968,95.01587637224638
2022-01-27,83.04635954432501,92.5176795555936
2022-01-28,83.30883692475015,92.0367436703194
2022-01-31,82.5738783247464,92.32175319099613
2022-02-01,82.28077012147355,92.48205506063624
2022-02-02,82.78825582767658,91.76510347775434
2022-02-03,81.7820459221057,91.0704208231347
2022-02-04,81.8257874463618,91.81409855197258
2022-02-07,81.98328747238625,92.04120492230243
2022-02-08,81.97014865882728,91.30643560667981
2022-02-09,86.86990878197201,91.26190172342706
2022-02-10,87.83673894296186,90.62065985337459
2022-02-11,86.60741754278732,90.45143648194676
2022-02-14,86.76928481198573,90.30894029805658
2022-02-15,86.86990659141011,91.15503269506367
2022-02-16,87.71724239945411,91.88088642800221
2022-02-17,87.90425896418044,93.10994744643071
2022-02-18,87.16950172170654,93.60423692014714
2022-02-21,86.85333125411779,92.31729360811018
2022-02-22,85.67771646865816,92.89174237533595
2022-02-23,85.82466806690972,93.40830683729413
2022-02-24,84.88951023184521,93.1767322564231
2022-02-25,84.38630787761014,94.34789355134698
2022-02-28,83.60256585754995,94.35680906700853
2022-03-01,84.08796147669413,95.04703679555266
2022-03-02,83.40217646086121,95.10048630484073
2022-03-03,84.50654439763565,93.80463196721541
2022-03-04,84.3417878095397,94.27665144203223
2022-03-07,84.11467456637374,94.00502754677515
2022-03-08,84.69357363393956,94.14305509501747
2022-03-09,85.79349150179681,93.41721601671303
2022-03-10,88.16699391092067,91.76064973025647
2022-03-11,88.21153055942833,89.00417988045513
2022-03-14,90.0996400579712,85.03202279257471
2022-03-15,91.88088953179383,83.7539784651176
2022-03-16,93.10103804544846,80.55665138167781
2022-03-17,94.91790368958226,80.65461512159501
2022-03-18,94.41914809056436,81.38491225061509
2022-03-21,94.40134572855627,78.156424862416
2022-03-22,94.83775572245602,78.08518166537971
2022-03-23,95.33205018878313,79.28751057083491
2022-03-24,95.1628286496506,80.3161749834832
2022-03-25,94.94462539181876,79.87086909959444
2022-03-28,94.90455720654965,79.93766664605634
2022-03-29,94.77095092114651,82.70749274468491
2022-03-30,95.31868834495103,83.50905071624933
2022-03-31,94.8377522546169,82.96132274057906
2022-04-01,93.64876438702714,81.39382970127737
2022-04-04,92.85166505961885,80.8995402159517
2022-04-05,92.81604238275608,81.61648574343666
2022-04-06,93.4038468665533,81.20235835510971
2022-04-07,93.63095878434731,81.32257622002963
2022-04-08,93.97384287513584,82.52491671370316
2022-04-11,94.70861204790435,83.09045174883502
2022-04-12,95.07375735636722,82.62734449393426
2022-04-13,94.89564514160156,83.0860056482007
2022-04-14,94.58838086834882,83.88756991399016
2022-04-19,95.21626425566302,83.16616556418671
2022-04-20,95.63040569007427,82.70749122406154
2022-04-21,96.34289845773033,83.9632623470972
2022-04-22,95.01587637224638,84.30616803572943
2022-04-26,92.5176795555936,85.50849793617571
2022-04-27,92.0367436703194,86.31006234510573
2022-04-28,92.32175319099613,86.90231521382904
2022-04-29,92.48205506063624,86.81325309889544
2022-05-02,91.76510347775434,86.39911483188223
2022-05-03,91.0704208231347,87.01809835182505
2022-05-04,91.81409855197258,88.78153583047056
2022-05-05,92.04120492230243,89.53854788019066
2022-05-06,91.30643560667981,89.84581622242264
2022-05-09,91.26190172342706,90.38019133199965
2022-05-10,90.62065985337459,89.82800866035012
2022-05-11,90.45143648194676,90.34011359401688
2022-05-12,90.30894029805658,90.39800844296559
2022-05-13,91.15503269506367,90.70082285977477
2022-05-16,91.88088642800221,90.60729090473144
2022-05-17,93.10994744643071,90.07738411809217
2022-05-18,93.60423692014714,90.06402148644815
2022-05-19,92.31729360811018,89.28027676127067
2022-05-20,92.89174237533595,89.4583972143467
2022-05-23,93.40830683729413,90.20206897375913
2022-05-24,93.1767322564231,90.95352150905428
2022-05-25,94.34789355134698,91.3809573004947
2022-05-26,94.35680906700853,91.3991457749488
2022-05-27,95.04703679555266,90.15775587365914
2022-05-30,95.10048630484073,88.90727375965972
2022-05-31,93.80463196721541,88.42071723064305
2022-06-01,94.27665144203223,88.82997555183957
2022-06-02,94.00502754677515,89.35744336183782
2022-06-03,94.14305509501747,87.67498273046681
2022-06-06,93.41721601671303,87.74318579760103
2022-06-07,91.76064973025647,88.22972540821746
2022-06-08,89.00417988045513,87.2702693278496
2022-06-09,85.03202279257471,87.78410304237876
2022-06-10,83.7539784651176,88.2115506977144
2022-06-14,80.55665138167781,87.45670458532103
2022-06-15,80.65461512159501,86.44722578128514
2022-06-16,81.38491225061509,86.34264540977244
2022-06-17,78.156424862416,86.98834376857727
2022-06-20,78.08518166537971,87.4339805292822
2022-06-21,79.28751057083491,88.64353632954592
2022-06-22,80.3161749834832,86.43813678428148
2022-06-23,79.87086909959444,86.35627573917812
2022-06-24,79.93766664605634,85.84244850707124
2022-06-27,82.70749274468491,85.90155208412529
2022-06-28,83.50905071624933,87.52491085307096
2022-06-29,82.96132274057906,87.18387774473906
2022-06-30,81.39382970127737,85.56051647989199
2022-07-01,80.8995402159517,84.67381678466907
2022-07-04,81.61648574343666,85.2012925131321
2022-07-05,81.20235835510971,84.14179147066008
2022-07-06,81.32257622002963,85.01029886966114
2022-07-07,82.52491671370316,83.63249691346891
2022-07-08,83.09045174883502,82.65029738191316
2022-07-11,82.62734449393426,84.93754737081065
2022-07-12,83.0860056482007,87.88869533603277
2022-07-13,83.88756991399016,87.97962722358736
2022-07-14,83.16616556418671,87.0383611068747
2022-07-15,82.70749122406154,86.54271412762729
2022-07-18,83.9632623470972,86.07890262178077
2022-07-19,84.30616803572943,86.64275523067712
2022-07-20,85.50849793617571,88.91181395647438
2022-07-21,86.31006234510573,90.33509969910325
2022-07-22,86.90231521382904,89.49841520504803
2022-07-25,86.81325309889544,90.60338386934329
2022-07-26,86.39911483188223,91.2991084383092
2022-07-27,87.01809835182505,91.19906573997818
2022-07-28,88.78153583047056,90.61702757131884
2022-07-29,89.53854788019066,91.66288404586558
2022-08-01,89.84581622242264,92.43591840392742
2022-08-02,90.38019133199965,92.76332092285156
2022-08-03,89.82800866035012,93.4999616350288
2022-08-04,90.34011359401688,93.85465920712282
2022-08-05,90.39800844296559,94.99145841401032
2022-08-08,90.70082285977477,95.85542358133284
2022-08-09,90.60729090473144,96.41473314111141
2022-08-10,90.07738411809217,95.15515499609037
2022-08-11,90.06402148644815,94.04563586767685
2022-08-12,89.28027676127067,94.15476451782973
2022-08-15,89.4583972143467,94.59129788755644
2022-08-16,90.20206897375913,95.1596972562547
2022-08-17,90.95352150905428,95.25064717596078
2022-08-18,91.3809573004947,96.49657458105045
2022-08-19,91.3991457749488,95.75992954498528
2022-08-22,90.15775587365914,96.52842002766194
2022-08-23,88.90727375965972,95.38706094620471
2022-08-24,88.42071723064305,96.2010063252484
2022-08-25,88.82997555183957,96.11462278532392
2022-08-26,89.35744336183782,96.9376665247809
2022-08-29,87.67498273046681,97.41966899590523
2022-08-30,87.74318579760103,98.25180759109773
2022-08-31,88.22972540821746,98.25636241887116
2022-09-01,87.2702693278496,98.85659528167159
2022-09-02,87.78410304237876,98.77929047824682
2022-09-05,88.2115506977144,98.37912424018866
2022-09-06,87.45670458532103,98.32911297905486
2022-09-07,86.44722578128514,98.62922965633345
2022-09-08,86.34264540977244,97.9244095920998
2022-09-09,86.98834376857727,97.43331517351078
2022-09-12,87.4339805292822,96.84216996842014
2022-09-13,88.64353632954592,95.9918441772461
2022-09-14,86.43813678428148,96.07824729475843
2022-09-15,86.35627573917812,95.61896827295907
2022-09-16,85.84244850707124,95.66898738454356
2022-09-19,85.90155208412529,96.75122693257555
2022-09-20,87.52491085307096,97.10137077247315
2022-09-21,87.18387774473906,97.0831718635367
2022-09-23,85.56051647989199,96.41927918586879
2022-09-26,84.67381678466907,95.77812438039588
2022-09-27,85.2012925131321,96.01002798011979
2022-09-28,84.14179147066008,95.82814515668207
2022-09-29,85.01029886966114,95.93273454875664
2022-09-30,83.63249691346891,95.27338924300855
2022-10-03,82.65029738191316,94.36393546908423
2022-10-04,84.93754737081065,93.31807152384488
2022-10-05,87.88869533603277,93.28624119586802
2022-10-06,87.97962722358736,93.11800084710248
2022-10-07,87.0383611068747,93.05432776985688
2022-10-10,86.54271412762729,94.07291560698687
2022-10-11,86.07890262178077,93.70004589439165
2022-10-12,86.64275523067712,94.21842655384069
2022-10-13,88.91181395647438,93.7318740000556
2022-10-14,90.33509969910325,94.23207183249794
2022-10-17,89.49841520504803,95.25519549682764
2022-10-18,90.60338386934329,96.4692989625586
2022-10-19,91.2991084383092,97.32871518490674
2022-10-20,91.19906573997818,97.64702491439277
2022-10-21,90.61702757131884,97.86074556907946
2022-10-24,91.66288404586558,98.66105382339649
2022-10-25,92.43591840392742,98.83839914951903
2022-10-26,92.76332092285156,98.95208348050923
2022-10-27,93.4999616350288,98.42460156659496
2022-10-28,93.85465920712282,98.60193577943065
2022-10-31,94.99145841401032,99.74329089265277
2022-11-01,95.85542358133284,99.793309103201
2022-11-02,96.41473314111141,100.00248653028414
2022-11-03,95.15515499609037,100.32989683749571
2022-11-04,94.04563586767685,100.16619936040448
2022-11-07,94.15476451782973,100.51632938659095
2022-11-08,94.59129788755644,100.92557847211569
2022-11-09,95.1596972562547,100.566349830404
2022-11-10,95.25064717596078,100.36627362419628
2022-11-11,96.49657458105045,100.22985076904297
2022-11-14,95.75992954498528,99.94791379956519
2022-11-15,96.52842002766194,99.65691075678595
2022-11-16,95.38706094620471,99.83879299856322
2022-11-17,96.2010063252484,94.1775018582324
2022-11-18,96.11462278532392,92.69965506510195
2022-11-21,96.9376665247809,91.93117564274525
2022-11-22,97.41966899590523,92.41317866506627
2022-11-23,98.25180759109773,92.55869149431192
2022-11-24,98.25636241887116,91.89030355846764
2022-11-25,98.85659528167159,92.56823221516004
2022-11-28,98.77929047824682,93.33436434826409
2022-11-29,98.37912424018866,94.02156424020436
2022-11-30,98.32911297905486,93.75225727035132
2022-12-01,98.62922965633345,92.40107629532943
2022-12-02,97.9244095920998,91.16130920255983
2022-12-05,97.43331517351078,90.5669789584175
2022-12-06,96.84216996842014,91.37490488395903
2022-12-07,95.9918441772461,91.8206619332793
2022-12-08,96.07824729475843,91.36098532098954
2022-12-09,95.61896827295907,91.71849976025703
2022-12-12,95.66898738454356,89.29937036256958
2022-12-13,96.75122693257555,88.74217887866055
2022-12-14,97.10137077247315,87.48848777376237
2022-12-15,97.0831718635367,88.96504158225017
2022-12-16,96.41927918586879,87.89709830439674
2022-12-19,95.77812438039588,89.46653084034509
2022-12-20,96.01002798011979,88.816464755739
2022-12-21,95.82814515668207,89.8101211363213
2022-12-22,95.93273454875664,90.5623392830071
2022-12-23,95.27338924300855,89.9865661691595
2022-12-28,94.36393546908423,89.09505715515326
2022-12-29,93.31807152384488,88.9139729817195
2022-12-30,93.28624119586802,88.99291481766562
2023-01-03,93.11800084710248,88.98827356618125
2023-01-04,93.05432776985688,90.68770142271639
2023-01-05,94.07291560698687,91.31918894758732
2023-01-06,93.70004589439165,91.87173461816639
2023-01-09,94.21842655384069,92.27570496990509
2023-01-10,93.7318740000556,91.82066343694605
2023-01-11,94.23207183249794,92.12712454453063
2023-01-12,95.25519549682764,92.61929932481858
2023-01-13,96.4692989625586,92.67038117893405
2023-01-16,97.32871518490674,91.68600668370189
2023-01-17,97.64702491439277,91.62564392402501
2023-01-18,97.86074556907946,92.74467315437893
2023-01-19,98.66105382339649,92.17819366383378
2023-01-20,98.83839914951903,92.28499045078073
2023-01-23,98.95208348050923,93.27400359897294
2023-01-24,98.42460156659496,93.00469972492398
2023-01-25,98.60193577943065,93.12541402174585
2023-01-27,99.74329089265277,92.81432088073186
2023-01-30,99.793309103201,92.42892351976569
2023-01-31,100.00248653028414,92.3732096303114
2023-02-01,100.32989683749571,93.05113118664588
2023-02-02,100.16619936040448,93.27864633096388
2023-02-03,100.51632938659095,91.5142125529678
2023-02-06,100.92557847211569,89.01148121698805
2023-02-07,100.566349830404,89.02541451780074
2023-02-08,100.36627362419628,90.13515168129533
2023-02-09,100.22985076904297,90.05157874984198
2023-02-10,99.94791379956519,90.44626155195436
2023-02-13,99.65691075678595,91.5559931308811
2023-02-14,99.83879299856322,91.84852091557858
2023-02-15,94.1775018582324,91.4863489820766
2023-02-16,92.69965506510195,90.95700986082329
2023-02-17,91.93117564274525,90.19552052475217
2023-02-20,92.41317866506627,91.17988941437513
2023-02-21,92.55869149431192,92.21534524017294
2023-02-22,91.89030355846764,92.21069844555592
2023-02-23,92.56823221516004,92.09461517821292
2023-02-24,93.33436434826409,92.46142428922916
2023-02-27,94.02156424020436,91.52813926273228
2023-02-28,93.75225727035132,90.98951924781588
2023-03-01,92.40107629532943,92.36856384438744
2023-03-02,91.16130920255983,92.11318970547885
2023-03-03,90.5669789584175,90.85485991728157
2023-03-06,91.37490488395903,89.763685125292
2023-03-07,91.8206619332793,90.13050894340678
2023-03-08,91.36098532098954,90.57162069256107
2023-03-09,91.71849976025703,89.81941427423075
2023-03-10,89.29937036256958,89.35509291756085
2023-03-13,88.74217887866055,88.91861877007699
2023-03-14,87.48848777376237,88.93719534370449
2023-03-15,88.96504158225017,89.38294117674957
2023-03-16,87.89709830439674,90.25124003249428
2023-03-17,89.46653084034509,90.84093270771476
2023-03-20,88.816464755739,91.77423093829553
2023-03-21,89.8101211363213,92.94433491878574
2023-03-22,90.5623392830071,93.98907165245544
2023-03-23,89.9865661691595,94.66697793691394
2023-03-24,89.09505715515326,93.60367735660995
2023-03-27,88.9139729817195,91.98781175433767
2023-03-28,88.99291481766562,91.15203809260191
2023-03-29,88.98827356618125,91.46313018094293
2023-03-30,90.68770142271639,92.0481882501844
2023-03-31,91.31918894758732,92.8514775469162
2023-04-03,91.87173461816639,93.06505430682817
2023-04-04,92.27570496990509,93.44115806147457
2023-04-05,91.82066343694605,94.4116068422517
2023-04-06,92.12712454453063,94.6716308583799
2023-04-11,92.61929932481858,93.55724947625788
2023-04-12,92.67038117893405,91.91817576738433
2023-04-13,91.68600668370189,91.77887370264415
2023-04-14,91.62564392402501,92.21069895447377
2023-04-17,92.74467315437893,92.47536366420309
2023-04-18,92.17819366383378,93.21829121598032
2023-04-19,92.28499045078073,93.89155275974838
2023-04-20,93.27400359897294,94.4069544777445
2023-04-21,93.00469972492398,95.1266703215932
2023-04-24,93.12541402174585,96.80753225901816
2023-04-26,92.81432088073186,97.85691885144014
2023-04-27,92.42892351976569,97.23007814521713
2023-04-28,92.3732096303114,97.38330537365329
2023-05-01,93.05113118664588,96.85860696209554
2023-05-02,93.27864633096388,97.01183725921437
2023-05-03,91.5142125529678,98.4048161868489
2023-05-04,89.01148121698805,97.97764383478534
2023-05-05,89.02541451780074,98.19123992482486
